{"cameraMode":{"drawMode":0,"name":"Shaded","section":"Shading Mode"},"sceneLighting":false,"audioPlay":false,"sceneViewState":{"showFog":true,"showMaterialUpdate":false,"showSkybox":false,"showFlares":true,"showImageEffects":true,"showParticleSystems":true},"in2DMode":false,"pivot":{"x":0.030937686562538148,"y":-0.14492757618427277,"z":-2.1464107036590578},"rotation":{"x":0.009504909627139569,"y":0.9856871366500855,"z":-0.15745015442371369,"w":0.059505801647901538},"size":4.2715373039245609,"orthographic":false}