{"cameraMode":{"drawMode":0,"name":"Shaded","section":"Shading Mode"},"sceneLighting":false,"audioPlay":false,"sceneViewState":{"showFog":true,"showMaterialUpdate":false,"showSkybox":false,"showFlares":true,"showImageEffects":true,"showParticleSystems":true},"in2DMode":false,"pivot":{"x":0.6496108174324036,"y":-0.16641142964363099,"z":-2.4626898765563967},"rotation":{"x":0.016408659517765046,"y":0.9833894371986389,"z":-0.13747642934322358,"w":0.11737612634897232},"size":4.2715373039245609,"orthographic":false}