{"cameraMode":{"drawMode":0,"name":"Shaded","section":"Shading Mode"},"sceneLighting":false,"audioPlay":false,"sceneViewState":{"showFog":true,"showMaterialUpdate":false,"showSkybox":false,"showFlares":true,"showImageEffects":true,"showParticleSystems":true},"in2DMode":false,"pivot":{"x":-0.4438391327857971,"y":0.5307917594909668,"z":-0.3644007742404938},"rotation":{"x":0.001977564999833703,"y":0.9963111281394959,"z":-0.08238266408443451,"w":0.02391606569290161},"size":1.8189351558685303,"orthographic":false}