{"cameraMode":{"drawMode":0,"name":"Shaded","section":"Shading Mode"},"sceneLighting":false,"audioPlay":false,"sceneViewState":{"showFog":true,"showMaterialUpdate":false,"showSkybox":false,"showFlares":true,"showImageEffects":true,"showParticleSystems":true},"in2DMode":false,"pivot":{"x":-2.0105233192443849,"y":-0.47036346793174746,"z":-0.10907687246799469},"rotation":{"x":0.027607491239905359,"y":-0.730886697769165,"z":0.029617056250572206,"w":0.6812958717346191},"size":4.580799102783203,"orthographic":false}