{"cameraMode":{"drawMode":0,"name":"Shaded","section":"Shading Mode"},"sceneLighting":true,"audioPlay":false,"sceneViewState":{"showFog":true,"showMaterialUpdate":false,"showSkybox":false,"showFlares":true,"showImageEffects":true,"showParticleSystems":true},"in2DMode":false,"pivot":{"x":0.13716697692871095,"y":0.7299900054931641,"z":-0.095703125},"rotation":{"x":0.14346647262573243,"y":0.02226543426513672,"z":-0.0032285708002746107,"w":0.9893993139266968},"size":1.7962757349014283,"orthographic":true}