{"cameraMode":{"drawMode":0,"name":"Shaded","section":"Shading Mode"},"sceneLighting":false,"audioPlay":false,"sceneViewState":{"showFog":true,"showMaterialUpdate":false,"showSkybox":false,"showFlares":true,"showImageEffects":true,"showParticleSystems":true},"in2DMode":false,"pivot":{"x":0.0027537941932678224,"y":0.6031414866447449,"z":0.024144500494003297},"rotation":{"x":0.02699626050889492,"y":0.0029991453047841789,"z":-0.00008082137355813757,"w":0.9996320009231567},"size":3.635362386703491,"orthographic":false}